{
  "total_citations": 9051,
  "mean": 45.26,
  "median": 16.0,
  "std": 101.55,
  "min": 0,
  "max": 912,
  "percentiles": {
    "p25": 5.0,
    "p50": 16.0,
    "p75": 39.0,
    "p90": 110.1,
    "p95": 167.6499999999991,
    "p99": 427.9499999999973
  },
  "h_index_corpus": 44,
  "g_index_corpus": 91,
  "zero_citation_count": 11,
  "zero_citation_rate": 0.055,
  "top1pct_threshold": 427.9499999999973,
  "top10pct_threshold": 110.1,
  "top1pct_count": 2,
  "top10pct_count": 20,
  "n": 200
}