{
  "total_citations": 140311,
  "mean": 467.7,
  "median": 341.5,
  "std": 398.0,
  "min": 210,
  "max": 4672,
  "percentiles": {
    "p25": 262.75,
    "p50": 341.5,
    "p75": 519.5,
    "p90": 789.4000000000001,
    "p95": 1091.9500000000003,
    "p99": 1929.9599999999973
  },
  "h_index_corpus": 250,
  "g_index_corpus": 300,
  "zero_citation_count": 0,
  "zero_citation_rate": 0.0,
  "top1pct_threshold": 1929.9599999999973,
  "top10pct_threshold": 789.4000000000001,
  "top1pct_count": 3,
  "top10pct_count": 30,
  "n": 300
}