{
  "total_citations": 497208,
  "mean": 49.73,
  "median": 22.0,
  "std": 108.67,
  "min": 8,
  "max": 4677,
  "percentiles": {
    "p25": 13.0,
    "p50": 22.0,
    "p75": 46.0,
    "p90": 104.0,
    "p95": 168.10000000000036,
    "p99": 465.0400000000009
  },
  "h_index_corpus": 254,
  "g_index_corpus": 406,
  "zero_citation_count": 0,
  "zero_citation_rate": 0.0,
  "top1pct_threshold": 465.0400000000009,
  "top10pct_threshold": 104.0,
  "top1pct_count": 100,
  "top10pct_count": 1006,
  "n": 9999
}