{
  "timestamp": "2026-04-14T10:59:14.932865+00:00",
  "bibcoupling": {
    "network": "bibcoupling",
    "n_nodes": 204,
    "n_edges": 3747,
    "density": 0.180962,
    "n_components": 3,
    "largest_component_size": 200,
    "avg_clustering": 0.0002,
    "avg_path_length_lcc": 2.2455,
    "avg_degree": 36.74,
    "median_degree": 44,
    "degree_variance": 614.16,
    "avg_edge_weight": 43.71,
    "median_edge_weight": 1.69,
    "weight_variance": 555754.43,
    "degree_centralization": 0.3892,
    "clustering_std": 0.0009,
    "modularity": 0.8586,
    "vos_threshold": 1.0
  },
  "cross_domain_matrix": {
    "Political Science": {
      "Political Science": 50669.80610618369,
      "Economics": 3092.8813831141774,
      "Sociology": 22192.08815309646,
      "Other": 16910.737667421112
    },
    "Economics": {
      "Political Science": 3092.8813831141774,
      "Economics": 3203.3470637536616,
      "Sociology": 1025.8909450233245,
      "Other": 673.4067320115455
    },
    "Sociology": {
      "Political Science": 22192.08815309646,
      "Economics": 1025.8909450233245,
      "Sociology": 31854.091717675077,
      "Other": 33420.28327854736
    },
    "Other": {
      "Political Science": 16910.737667421112,
      "Economics": 673.4067320115455,
      "Sociology": 33420.28327854736,
      "Other": 739.8188388505935
    }
  },
  "cocitation": {
    "network": "cocitation",
    "n_nodes": 1350,
    "n_edges": 19745,
    "density": 0.021684,
    "n_components": 24,
    "largest_component_size": 1292,
    "avg_clustering": 0.0044,
    "avg_path_length_lcc": null,
    "avg_degree": 29.25,
    "median_degree": 14,
    "degree_variance": 2117.94,
    "avg_edge_weight": 122.77,
    "median_edge_weight": 8.1,
    "weight_variance": 2959514.41,
    "degree_centralization": 0.4136,
    "modularity": 0.9437,
    "vos_threshold": 1.0
  },
  "subfield_analysis": {
    "cocitation_political_theory": {
      "network": "cocitation_political_theory",
      "n_nodes": 304,
      "n_edges": 2595,
      "density": 0.056344,
      "n_components": 6,
      "largest_component_size": 292,
      "avg_clustering": 0.005,
      "avg_path_length_lcc": 2.2521,
      "avg_degree": 17.07,
      "median_degree": 11,
      "degree_variance": 457.88,
      "avg_edge_weight": 28.45,
      "median_edge_weight": 4.23,
      "weight_variance": 72064.01,
      "degree_centralization": 0.495,
      "clustering_std": 0.0256,
      "vos_threshold": 1.0
    },
    "bibcoupling_political_theory": {
      "network": "bibcoupling_political_theory",
      "n_nodes": 51,
      "n_edges": 329,
      "density": 0.258039,
      "n_components": 2,
      "largest_component_size": 49,
      "avg_clustering": 0.0004,
      "avg_path_length_lcc": 1.9354,
      "avg_degree": 12.9,
      "median_degree": 15,
      "degree_variance": 46.91,
      "avg_edge_weight": 12.82,
      "median_edge_weight": 1.54,
      "weight_variance": 18336.94,
      "degree_centralization": 0.48,
      "clustering_std": 0.0005,
      "modularity": 0.5861,
      "vos_threshold": 1.0
    },
    "cocitation_interdisciplinary": {
      "network": "cocitation_interdisciplinary",
      "n_nodes": 171,
      "n_edges": 1581,
      "density": 0.108772,
      "n_components": 2,
      "largest_component_size": 169,
      "avg_clustering": 0.0022,
      "avg_path_length_lcc": 2.1807,
      "avg_degree": 18.49,
      "median_degree": 12,
      "degree_variance": 302.26,
      "avg_edge_weight": 12.93,
      "median_edge_weight": 3.23,
      "weight_variance": 13085.99,
      "degree_centralization": 0.6118,
      "clustering_std": 0.0055,
      "vos_threshold": 1.0
    },
    "bibcoupling_interdisciplinary": {
      "network": "bibcoupling_interdisciplinary",
      "n_nodes": 23,
      "n_edges": 87,
      "density": 0.343874,
      "n_components": 1,
      "largest_component_size": 23,
      "avg_clustering": 0.0354,
      "avg_path_length_lcc": 1.8024,
      "avg_degree": 7.57,
      "median_degree": 8,
      "degree_variance": 9.29,
      "avg_edge_weight": 4.14,
      "median_edge_weight": 1.44,
      "weight_variance": 151.54,
      "degree_centralization": 0.5909,
      "clustering_std": 0.1037,
      "modularity": 0.4022,
      "vos_threshold": 1.0
    },
    "cocitation_media_communication": {
      "network": "cocitation_media_communication",
      "n_nodes": 129,
      "n_edges": 1258,
      "density": 0.152374,
      "n_components": 4,
      "largest_component_size": 121,
      "avg_clustering": 0.0056,
      "avg_path_length_lcc": 2.1474,
      "avg_degree": 19.5,
      "median_degree": 18,
      "degree_variance": 245.77,
      "avg_edge_weight": 18.47,
      "median_edge_weight": 2.05,
      "weight_variance": 23848.68,
      "degree_centralization": 0.4609,
      "clustering_std": 0.0175,
      "vos_threshold": 1.0
    },
    "bibcoupling_media_communication": {
      "network": "bibcoupling_media_communication",
      "n_nodes": 26,
      "n_edges": 78,
      "density": 0.24,
      "n_components": 2,
      "largest_component_size": 22,
      "avg_clustering": 0.0033,
      "avg_path_length_lcc": 1.961,
      "avg_degree": 6.0,
      "median_degree": 7,
      "degree_variance": 11.92,
      "avg_edge_weight": 17.89,
      "median_edge_weight": 1.42,
      "weight_variance": 4576.38,
      "degree_centralization": 0.44,
      "clustering_std": 0.0055,
      "modularity": 0.605,
      "vos_threshold": 1.0
    },
    "cocitation_radical_right": {
      "network": "cocitation_radical_right",
      "n_nodes": 169,
      "n_edges": 1402,
      "density": 0.09876,
      "n_components": 2,
      "largest_component_size": 167,
      "avg_clustering": 0.0029,
      "avg_path_length_lcc": 2.3128,
      "avg_degree": 16.59,
      "median_degree": 14,
      "degree_variance": 207.12,
      "avg_edge_weight": 12.25,
      "median_edge_weight": 4.66,
      "weight_variance": 8342.31,
      "degree_centralization": 0.4702,
      "clustering_std": 0.0065,
      "vos_threshold": 1.0
    },
    "bibcoupling_radical_right": {
      "network": "bibcoupling_radical_right",
      "n_nodes": 23,
      "n_edges": 94,
      "density": 0.371542,
      "n_components": 1,
      "largest_component_size": 23,
      "avg_clustering": 0.0604,
      "avg_path_length_lcc": 1.6996,
      "avg_degree": 8.17,
      "median_degree": 9,
      "degree_variance": 7.88,
      "avg_edge_weight": 2.46,
      "median_edge_weight": 1.54,
      "weight_variance": 10.05,
      "degree_centralization": 0.5455,
      "clustering_std": 0.0802,
      "modularity": 0.4013,
      "vos_threshold": 1.0
    },
    "cocitation_european_politics": {
      "network": "cocitation_european_politics",
      "n_nodes": 56,
      "n_edges": 269,
      "density": 0.174675,
      "n_components": 2,
      "largest_component_size": 54,
      "avg_clustering": 0.0105,
      "avg_path_length_lcc": 2.253,
      "avg_degree": 9.61,
      "median_degree": 9,
      "degree_variance": 43.99,
      "avg_edge_weight": 8.53,
      "median_edge_weight": 2.47,
      "weight_variance": 1591.62,
      "degree_centralization": 0.5273,
      "clustering_std": 0.0133,
      "vos_threshold": 1.0
    },
    "bibcoupling_european_politics": {
      "network": "bibcoupling_european_politics",
      "n_nodes": 10,
      "n_edges": 16,
      "density": 0.355556,
      "n_components": 1,
      "largest_component_size": 10,
      "avg_clustering": 0.0775,
      "avg_path_length_lcc": 2.0222,
      "avg_degree": 3.2,
      "median_degree": 3,
      "degree_variance": 1.96,
      "avg_edge_weight": 3.17,
      "median_edge_weight": 1.61,
      "weight_variance": 9.73,
      "degree_centralization": 0.5556,
      "clustering_std": 0.0757,
      "modularity": 0.4452,
      "vos_threshold": 1.0
    }
  },
  "coauthorship": {
    "network": "coauthorship",
    "n_nodes": 62,
    "n_edges": 45,
    "density": 0.023797,
    "n_components": 32,
    "largest_component_size": 13,
    "avg_clustering": 0.171,