{
  "timestamp": "2026-04-14T21:05:03.734530+00:00",
  "bibcoupling": {
    "network": "bibcoupling",
    "n_nodes": 5610,
    "n_edges": 468011,
    "density": 0.029747,
    "n_components": 46,
    "largest_component_size": 5516,
    "avg_clustering": 0.0011,
    "avg_path_length_lcc": null,
    "avg_degree": 166.85,
    "median_degree": 36,
    "degree_variance": 60398.18,
    "avg_edge_weight": 355.3,
    "median_edge_weight": 3.4,
    "weight_variance": 134372958.94,
    "degree_centralization": 0.2287,
    "modularity": 0.9397,
    "vos_threshold": 1.0
  },
  "cross_domain_matrix": {
    "Political Science": {
      "Political Science": 47600746.44127795,
      "Economics": 20109611.194674466,
      "Sociology": 24169954.903390758,
      "Other": 16767925.36722594
    },
    "Economics": {
      "Political Science": 20109611.194674466,
      "Economics": 10336253.490054127,
      "Sociology": 6102643.784793389,
      "Other": 8482326.42077968
    },
    "Sociology": {
      "Political Science": 24169954.903390758,
      "Economics": 6102643.784793389,
      "Sociology": 21455033.91358537,
      "Other": 7599724.370412396
    },
    "Other": {
      "Political Science": 16767925.36722594,
      "Economics": 8482326.42077968,
      "Sociology": 7599724.370412396,
      "Other": 3658130.057826697
    }
  },
  "cocitation": {
    "network": "cocitation",
    "n_nodes": 12298,
    "n_edges": 170876,
    "density": 0.00226,
    "n_components": 326,
    "largest_component_size": 11542,
    "avg_clustering": 0.0034,
    "avg_path_length_lcc": null,
    "avg_degree": 27.79,
    "median_degree": 4,
    "degree_variance": 8924.81,
    "avg_edge_weight": 2033.9,
    "median_edge_weight": 6.4,
    "weight_variance": 599565761.0,
    "degree_centralization": 0.329,
    "modularity": 0.9877,
    "vos_threshold": 1.0
  },
  "coauthorship": {
    "network": "coauthorship",
    "n_nodes": 2305,
    "n_edges": 2511,
    "density": 0.000946,
    "n_components": 1015,
    "largest_component_size": 772,
    "avg_clustering": 0.0282,
    "avg_path_length_lcc": 6.6956,
    "avg_degree": 2.18,
    "median_degree": 1,
    "degree_variance": 12.92,
    "avg_edge_weight": 1.7,
    "median_edge_weight": 1.0,
    "weight_variance": 1.49,
    "degree_centralization": 0.0148,
    "modularity": 0.9122
  },
  "concept_cooccurrence": {
    "network": "concept_cooccurrence",
    "n_nodes": 100,
    "n_edges": 1733,
    "density": 0.350101,
    "n_components": 1,
    "largest_component_size": 100,
    "avg_clustering": 0.032,
    "avg_path_length_lcc": 1.6507,
    "avg_degree": 34.66,
    "median_degree": 34,
    "degree_variance": 65.52,
    "avg_edge_weight": 1.69,
    "median_edge_weight": 1.25,
    "weight_variance": 2.39,
    "degree_centralization": 0.6768,
    "clustering_std": 0.0067,
    "vos_threshold": 1.0
  },
  "interdisciplinary_bridges_count": 50
}